{
  "project_info": {
    "project_number": "760532951752",
    "project_id": "vasqueztp-7ae69",
    "storage_bucket": "vasqueztp-7ae69.firebasestorage.app"
  },
  "client": [
    {
      "client_info": {
        "mobilesdk_app_id": "1:760532951752:android:48b3dc8e4362ab0f74bbfd",
        "android_client_info": {
          "package_name": "com.example.vasquez_tp"
        }
      },
      "oauth_client": [],
      "api_key": [
        {
          "current_key": "AIzaSyDl-BO_v9si74gAHDgkAnHHBoY9q-4CQAE"
        }
      ],
      "services": {
        "appinvite_service": {
          "other_platform_oauth_client": []
        }
      }
    }
  ],
  "configuration_version": "1"
}